address,rd,wr,byteena,wrdata
000000000000000000000,0,0,1111,00000000000000000000000000000000
000000000000000000000,0,0,1111,00000000000000000000000000000000
000000000000000000000,0,0,1111,00000000000000000000000000000000
000000000000000000000,0,0,1111,00000000000000000000000000000000
000000000000000000000,0,0,1111,00000000000000000000000000000000
101000000000000000000,0,0,1111,00000000000000000000000000000000
000000000000000000000,0,0,1111,00000000000000000000000000000000
000000000000000000000,0,0,1111,00000000000000000000000000000000
000000000000000000100,0,1,1111,00010010001101000000000000000000
000000000000000000000,0,0,1111,00000000000000000000000000000000
000000000000000000000,0,0,1111,00000000000000000000000000000000
101000101011001111000,0,0,1111,00000000000000000000000000000000
000000000000000000000,0,0,1111,00000000000000000000000000000000
000000000000000000000,0,0,1111,00000000000000000000000000000000
000000000000000000100,0,1,1111,00010010001101000101011001111000
000000000000000000000,0,0,1111,00000000000000000000000000000000
000000000000000000000,0,0,1111,00000000000000000000000000000000
111000000000000000000,0,0,1111,00000000000000000000000000000000
000000000000000000000,0,0,1111,00000000000000000000000000000000
000000000000000000000,0,0,1111,00000000000000000000000000000000
000000000000000001000,0,1,1111,11111110110111000000000000000000
000000000000000000000,0,0,1111,00000000000000000000000000000000
000000000000000000000,0,0,1111,00000000000000000000000000000000
111001011101010011000,0,0,1111,00000000000000000000000000000000
000000000000000000000,0,0,1111,00000000000000000000000000000000
000000000000000000000,0,0,1111,00000000000000000000000000000000
000000000000000001000,0,1,1111,11111110110111001011101010011000
000000000000000000000,0,0,1111,00000000000000000000000000000000
000000000000000000000,0,0,1111,00000000000000000000000000000000
111001011101010011000,0,1,1111,00010010001101000101011001111000
111001011101010011100,0,1,1111,00010010001101000101011001111000
101000101011010000000,0,1,1111,11111110110111001011101010011000
101000101011010000100,0,1,1111,11111110110111001011101010011000
111001011101010011000,0,1,1100,01010110011110000000000000000000
111001011101010011010,0,1,0011,00000000000000000101011001111000
101000101011010000000,0,1,1100,10111010100110000000000000000000
101000101011010000010,0,1,0011,00000000000000001011101010011000
111001011101010011000,0,1,1000,01111000000000000000000000000000
111001011101010011001,0,1,0100,00000000011110000000000000000000
111001011101010011010,0,1,0010,00000000000000000111100000000000
111001011101010011011,0,1,0001,00000000000000000000000001111000
101000101011010000000,0,1,1000,10011000000000000000000000000000
101000101011010000001,0,1,0100,00000000100110000000000000000000
101000101011010000010,0,1,0010,00000000000000001001100000000000
101000101011010000011,0,1,0001,00000000000000000000000010011000
000000000000000000100,1,0,1111,UUUUUUUUUUUUUUUUUUUUUUUUUUUUUUUU
000000000000000000100,0,0,1111,UUUUUUUUUUUUUUUUUUUUUUUUUUUUUUUU
000000000000000000100,0,0,1111,UUUUUUUUUUUUUUUUUUUUUUUUUUUUUUUU
000000000000000000110,1,0,0011,0000000000000000UUUUUUUUUUUUUUUU
000000000000000000110,0,0,1111,UUUUUUUUUUUUUUUUUUUUUUUUUUUUUUUU
000000000000000001000,0,0,1111,UUUUUUUUUUUUUUUUUUUUUUUUUUUUUUUU
000000000000000001010,1,0,0011,0000000000000000UUUUUUUUUUUUUUUU
000000000000000001010,0,0,1111,UUUUUUUUUUUUUUUUUUUUUUUUUUUUUUUU
000000000000000000100,0,0,1111,UUUUUUUUUUUUUUUUUUUUUUUUUUUUUUUU
000000000000000000101,1,0,0100,00000000UUUUUUUU0000000000000000
000000000000000000101,0,0,1111,UUUUUUUUUUUUUUUUUUUUUUUUUUUUUUUU
000000000000000000110,0,0,1111,UUUUUUUUUUUUUUUUUUUUUUUUUUUUUUUU
000000000000000000111,1,0,0001,000000000000000000000000UUUUUUUU
000000000000000000111,0,0,1111,UUUUUUUUUUUUUUUUUUUUUUUUUUUUUUUU
000000000000000001000,0,0,1111,UUUUUUUUUUUUUUUUUUUUUUUUUUUUUUUU
000000000000000001001,1,0,0100,00000000UUUUUUUU0000000000000000
000000000000000001001,0,0,1111,UUUUUUUUUUUUUUUUUUUUUUUUUUUUUUUU
000000000000000001010,0,0,1111,UUUUUUUUUUUUUUUUUUUUUUUUUUUUUUUU
000000000000000001011,1,0,0001,000000000000000000000000UUUUUUUU
000000000000000001011,0,0,1111,UUUUUUUUUUUUUUUUUUUUUUUUUUUUUUUU
000000000000000000100,0,0,1111,00010010001101000101011001111000
000000000000000000100,0,1,1111,00010010001101000101011001111000
000000000000000000100,0,1,1111,00010010001101000101011001111000
000000000000000000100,0,1,1111,00010010001101000101011001111000
000000000000000000100,0,1,1111,11111110110111001011101010011000
000000000000000000100,0,1,1111,11111110110111001011101010011000
000000000000000000100,0,1,1111,00010010001101000101011001111000
000000000000000000100,0,1,1111,00010010001101000101011001111000
000000000000000000100,0,1,1111,00010010001101000101011001111000
000000000000000000100,0,1,1111,00010010001101000101011001111000
000000000000000000100,0,1,1111,11111110110111001011101010011000
000000000000000000100,0,1,1111,11111110110111001011101010011000
000000000000000000100,0,1,1111,11111110110111001011101010011000
000000000000000000100,1,0,1111,UUUUUUUUUUUUUUUUUUUUUUUUUUUUUUUU
000000000000000000100,0,0,1111,UUUUUUUUUUUUUUUUUUUUUUUUUUUUUUUU
000000000000000000100,0,0,1111,UUUUUUUUUUUUUUUUUUUUUUUUUUUUUUUU
000000000000000000110,1,0,0011,0000000000000000UUUUUUUUUUUUUUUU
000000000000000000110,0,0,1111,UUUUUUUUUUUUUUUUUUUUUUUUUUUUUUUU
000000000000000001000,0,0,1111,UUUUUUUUUUUUUUUUUUUUUUUUUUUUUUUU
000000000000000001010,1,0,0011,0000000000000000UUUUUUUUUUUUUUUU
000000000000000001010,0,0,1111,UUUUUUUUUUUUUUUUUUUUUUUUUUUUUUUU
000000000000000000100,0,0,1111,UUUUUUUUUUUUUUUUUUUUUUUUUUUUUUUU
000000000000000000101,1,0,0100,00000000UUUUUUUU0000000000000000
000000000000000000101,0,0,1111,UUUUUUUUUUUUUUUUUUUUUUUUUUUUUUUU
000000000000000000110,0,0,1111,UUUUUUUUUUUUUUUUUUUUUUUUUUUUUUUU
000000000000000000111,1,0,0001,000000000000000000000000UUUUUUUU
000000000000000000111,0,0,1111,UUUUUUUUUUUUUUUUUUUUUUUUUUUUUUUU
000000000000000001000,0,0,1111,UUUUUUUUUUUUUUUUUUUUUUUUUUUUUUUU
000000000000000001001,1,0,0100,00000000UUUUUUUU0000000000000000
000000000000000001001,0,0,1111,UUUUUUUUUUUUUUUUUUUUUUUUUUUUUUUU
000000000000000001010,0,0,1111,UUUUUUUUUUUUUUUUUUUUUUUUUUUUUUUU
000000000000000001011,1,0,0001,000000000000000000000000UUUUUUUU
000000000000000001011,0,0,1111,UUUUUUUUUUUUUUUUUUUUUUUUUUUUUUUU
000000000000000000100,0,0,1111,11111110110111001011101010011000
000000000000000000100,0,1,1111,11111110110111001011101010011000
000000000000000000100,0,1,1111,11111110110111001011101010011000
000000000000000000100,0,1,1111,11111110110111001011101010011000
000000000000000000100,0,1,1111,11111110110111001011101010011000
000000000000000000100,0,1,1111,11111110110111001011101010011000
000000000000000000100,0,1,1111,11111110110111001011101010011000
000000000000000000100,0,1,1111,11111110110111001011101010011000
000000000000000000100,0,1,1111,11111110110111001011101010011000
000000000000000000100,0,1,1111,11111110110111001011101010011000
000000000000000000100,0,1,1111,11111110110111001011101010011000
000000000000000000100,0,1,1111,11111110110111001011101010011000
000000000000000000100,0,1,1111,11111110110111001011101010011000
000000000000000000000,0,0,1111,00000000000000000000000000000000
000000000000000000000,0,0,1111,00000000000000000000000000000000
000000000000000000000,0,0,1111,00000000000000000000000000000000
000000000000000000000,0,0,1111,00000000000000000000000000000000
000000000000000000000,0,0,1111,00000000000000000000000000000000
000000000000000000000,0,0,1111,00000000000000000000000000000000
000000000000000000000,0,0,1111,00000000000000000000000000000000
000000000000000000000,0,0,1111,00000000000000000000000000000000
000000000000000000000,0,0,1111,00000000000000000000000000000000
000000000000000000000,0,0,1111,00000000000000000000000000000000
000000000000000000000,0,0,1111,00000000000000000000000000000000
000000000000000000000,0,0,1111,00000000000000000000000000000000
000000000000000000000,0,0,1111,00000000000000000000000000000000
000000000000000000000,0,0,1111,00000000000000000000000000000000
000000000000000000000,0,0,1111,00000000000000000000000000000000
000000000000000000000,0,0,1111,00000000000000000000000000000000
000000000000000000000,0,0,1111,00000000000000000000000000000000
000000000000000000000,0,0,1111,00000000000000000000000000000000
000000000000000000000,0,0,1111,00000000000000000000000000000000
000000000000000000000,0,0,1111,00000000000000000000000000000000
000000000000000000000,0,0,1111,00000000000000000000000000000000
000000000000000000000,0,0,1111,00000000000000000000000000000000
000000000000000000000,0,0,1111,00000000000000000000000000000000
000000000000000000000,0,0,1111,00000000000000000000000000000000
000000000000000000000,0,0,1111,00000000000000000000000000000000
000000000000000000000,0,0,1111,00000000000000000000000000000000
000000000000000000000,0,0,1111,00000000000000000000000000000000
000000000000000000000,0,0,1111,00000000000000000000000000000000
000000000000000000000,0,0,1111,00000000000000000000000000000000
000000000000000000000,0,0,1111,00000000000000000000000000000000
000000000000000000000,0,0,1111,00000000000000000000000000000000
000000000000000000000,0,0,1111,00000000000000000000000000000000
000000000000000000000,0,0,1111,00000000000000000000000000000000
000000000000000000000,0,0,1111,00000000000000000000000000000000
000000000000000000000,0,0,1111,00000000000000000000000000000000
000000000000000000000,0,0,1111,00000000000000000000000000000000
000000000000000000000,0,0,1111,00000000000000000000000000000000
000000000000000000000,0,0,1111,00000000000000000000000000000000
000000000000000000000,0,0,1111,00000000000000000000000000000000
000000000000000000000,0,0,1111,00000000000000000000000000000000
000000000000000000000,0,0,1111,00000000000000000000000000000000
000000000000000000000,0,0,1111,00000000000000000000000000000000
000000000000000000000,0,0,1111,00000000000000000000000000000000
000000000000000000000,0,0,1111,00000000000000000000000000000000
000000000000000000000,0,0,1111,00000000000000000000000000000000
000000000000000000000,0,0,1111,00000000000000000000000000000000
000000000000000000000,0,0,1111,00000000000000000000000000000000
000000000000000000000,0,0,1111,00000000000000000000000000000000
000000000000000000000,0,0,1111,00000000000000000000000000000000
000000000000000000000,0,0,1111,00000000000000000000000000000000
000000000000000000000,0,0,1111,00000000000000000000000000000000
000000000000000000000,0,0,1111,00000000000000000000000000000000
000000000000000000000,0,0,1111,00000000000000000000000000000000
000000000000000000000,0,0,1111,00000000000000000000000000000000
000000000000000000000,0,0,1111,00000000000000000000000000000000
000000000000000000000,0,0,1111,00000000000000000000000000000000
000000000000000000000,0,0,1111,00000000000000000000000000000000
000000000000000000000,0,0,1111,00000000000000000000000000000000
000000000000000000000,0,0,1111,00000000000000000000000000000000
000000000000000000000,0,0,1111,00000000000000000000000000000000
000000000000000000000,0,0,1111,00000000000000000000000000000000
000000000000000000000,0,0,1111,00000000000000000000000000000000
